亚洲,欧洲,非洲,美洲,澳洲,中国省会,美国首府
北京,伦敦,罗安达,华盛顿,堪培拉,石家庄,蒙哥马利
首尔,布加勒斯特,亚的斯亚贝巴,渥太华,惠灵顿,沈阳,朱诺
平壤,巴黎,开罗,利马,苏瓦,哈尔滨,凤凰城
东京,华沙,班吉,太子港,努库阿洛法,杭州,小石城
吉隆坡,伯尔尼,科纳克里,圣萨尔瓦多,莫尔兹比港,福州,萨克拉门托
新德里,斯德哥尔摩,比绍,圣地亚哥,富纳富提,济南,丹佛
伊斯兰堡,罗马,哈博罗内,哈瓦那,霍尼亚拉,广州,哈特福德
曼谷,柏林,瓦加杜古,马那瓜,亚伦(行政中心),武汉,多佛
河内,摩纳哥,塔那那利佛,拿骚,塔拉瓦,成都,塔拉哈西
斯里贾亚瓦德纳普拉科特,里加,巴马科,巴拿马城,马朱罗,昆明,亚特兰大
内比都,雅典,利隆圭,拉巴斯,梅莱凯奥克,兰州,火奴鲁鲁
达卡,地拉那,金沙萨,圣乔治,帕利基尔,台北,博伊西
廷布,奥斯陆,马拉博,亚松森,维拉港,南宁,斯普林菲尔德
喀布尔,贝尔格莱德,班珠尔,巴西利亚,阿皮亚,银川,印第安纳波利斯
金边,索非亚,波多诺伏,特古西加尔巴,,太原,得梅因
加德满都,塔林,路易港,基多,,长春,托皮卡
万象,维尔纽斯,努瓦克肖特,金斯敦,,南京,法兰克福
耶路撒冷,阿姆斯特丹,坎帕拉,蒙得维的亚,,合肥,巴吞鲁日
萨那,都柏林,维多利亚,布里奇顿,,南昌,奥古斯塔
马尼拉,布拉格,弗里敦,卡斯特里,,郑州,安那波利斯
新加坡,布拉迪斯拉发,拉巴特,乔治敦,,长沙,波士顿
马累,里斯本,布琼布拉,危地马拉城,,海口,兰辛
斯里巴加湾市,卢布尔雅那,基加利,圣多明各,,贵阳,圣保罗
帝力,斯科普里,恩贾梅纳,墨西哥城,,西安,杰克逊
雅加达,萨格勒布,尼亚美,罗索,,西宁,杰弗逊城
巴格达,梵蒂冈城,阿布贾,布宜诺斯艾利斯,,呼和浩特,海伦那
德黑兰,布鲁塞尔,阿克拉,加拉加斯,,拉萨,林肯
安曼,瓦莱塔,利伯维尔,圣菲波哥大,,乌鲁木齐,卡森市
利雅得,哥本哈根,圣多美,圣约翰,,,康科德
阿布扎比,卢森堡市,吉布提市,帕拉马里博,,,特伦顿
马斯喀特,萨拉热窝,布拉柴维尔,贝尔莫潘,,,圣大非
科威特城,马德里,洛美,圣何塞,,,奥尔巴尼
麦纳麦,圣马力诺,喀土穆,西班牙港,,,罗利
大马士革,布达佩斯,的黎波里,,,,俾斯麦
拉姆安拉,瓦杜兹,蒙罗维亚,,,,哥伦布
多哈,雷克雅未克,普拉亚,,,,俄克拉何马城
贝鲁特,安道尔城,阿尔及尔,,,,塞勒姆
乌兰巴托,赫尔辛基,温得和克,,,,哈里斯堡
安卡拉,莫斯科,阿斯马拉,,,,普罗维登斯
阿斯塔纳,维也纳,姆巴巴纳,,,,哥伦比亚
塔什干,基辅,卢萨卡,,,,皮尔
比什凯克,明斯克,多多马,,,,纳什维尔
杜尚别,基希讷乌,内罗毕,,,,奥斯汀
阿什哈巴德,波德戈里察,比勒陀利亚,,,,盐湖城
巴库,,莫罗尼,,,,蒙比利埃
第比利斯,,哈拉雷,,,,里士满
埃里温,,突尼斯,,,,奥林匹亚
尼科西亚,,马塞卢,,,,查尔斯顿
斯利那加,,马普托,,,,麦迪逊
,,摩加迪沙,,,,夏延
,,亚穆苏克罗,,,,
,,雅温得,,,,
,,达喀尔,,,,
,,朱巴,,,,
