Alabama,Abbeville
Alabama,Alabaster
Alabama,Auburn
Alabama,Birmingham
Alabama,Daphne
Alabama,Demopolis
Alabama,Florence
Alabama,Huntsville
Alabama,Leeds
Alabama,Madison
Alabama,Mobile
Alabama,Valley
Alaska,Anchorage
Alaska,Juneau
Alaska,Sitka
Arizona,Avondale
Arizona,Buckeye
Arizona,Camp Verde
Arizona,Casa Grande
Arizona,Chandler
Arizona,Coolidge
Arizona,Gilbert
Arizona,Glendale
Arizona,Kingman
Arizona,Lake Havasu City
Arizona,Litchfield Park
Arizona,Mesa
Arizona,Peoria
Arizona,Phoenix
Arizona,Pinetop-Lakeside
Arizona,Prescott Valley
Arizona,Quartzsite
Arizona,Scottsdale
Arizona,Show Low
Arizona,Tempe
Arizona,Tucson
Arkansas,Eureka Springs
Arkansas,Bentonville
Arkansas,Little Rock
Arkansas,Mineral Springs
California,Alhambra
California,Anaheim
California,Bakersfield
California,Beverly Hills
California,Brentwood
California,Calabasas
California,Cerritos
California,Corona
California,Davis
California,Fremont
California,Fullerton
California,Gilroy
California,Hayward
California,Hemet
California,Irvine
California,Lakewood
California,Lompoc
California,Los Angeles
California,Martinez
California,Merced
California,Mission Viejo
California,Modesto
California,Burbank
California,Chico
California,Claremont
California,Coronado
California,Napa
California,Oakland
California,Orange
California,Pasadena
California,Poway
California,Sacramento
California,St. Helena
California,San Dimas
California,San Fernando
California,San Francisco
California,San Jose
California,San Leandro
California,San Ramon
California,Santa Clara
California,Santa Clarita
California,Saratoga
California,Santee
California,South Pasadena
California,Woodland
Colorado,Arvada
Colorado,Aurora
Colorado,Elizabeth
Colorado,Evans
Colorado,Fort Collins
Colorado,Greeley
Colorado,Longmont
Colorado,Boulder
Colorado,Colorado Springs
Colorado,Denver
Colorado,Parker
Colorado,Pierce
Colorado,Sterling
Colorado,Wheat Ridge
Connecticut,Easton
Connecticut,Fairfield
Connecticut,Hartford
Connecticut,Bridgeport
Connecticut,Danbury
Connecticut,Middletown
Connecticut,Norwalk
Connecticut,Stamford
Delaware,Dover
Delaware,Wilmington
Florida,Altamonte Springs
Florida,Apopka
Florida,Aventura
Florida,Belleair
Florida,Boca Raton
Florida,Boynton Beach
Florida,Bradenton
Florida,Brooksville
Florida,Bushnell
Florida,Cape Canaveral
Florida,Cape Coral
Florida,Clearwater
Florida,Coconut Creek
Florida,Cooper City
Florida,Coral Gables
Florida,Coral Springs
Florida,Crescent City
Florida,Crystal River
Florida,Davie
Florida,Daytona Beach
Florida,DeLand
Florida,Destin
Florida,Doral
Florida,Dunedin
Florida,Eustis
Florida,Fort Lauderdale
Florida,Fort Myers Beach
Florida,Fort Myers
Florida,Fort Pierce
Florida,Fort Walton Beach
Florida,Gainesville
Florida,Green Cove Springs
Florida,Greenacres
Florida,Gulf Breeze
Florida,Gulfport
Florida,Hallandale
Florida,Hollywood
Florida,Hurlburt Field
Florida,Inverness
Florida,Interlachen
Florida,Jacksonville Beach
Florida,Jacksonville
Florida,Juno Beach
Florida,Jupiter
Florida,Keystone Heights
Florida,Lady Lake
Florida,Lake Park
Florida,Lakeland
Florida,Lantana
Florida,Largo
Florida,Lauderhill
Florida,Leesburg
Florida,Leon County
Florida,Lighthouse Point
Florida,Lynn Haven
Florida,MacDill Air Force Base
Florida,Maitland
Florida,Margate
Florida,Marianna
Florida,Melbourne
Florida,Miami Beach
Florida,Miami Gardens
Florida,Miami Springs
Florida,Miami
Florida,Milton
Florida,Monticello
Florida,Mount Dora
Florida,Key West
Florida,Naples
Florida,NAS Whiting Field
Florida,Neptune Beach
Florida,New Port Richey
Florida,Niceville
Florida,North Miami Beach
Florida,North Miami
Florida,Oakland Park
Florida,Oakland
Florida,Ocala
Florida,Oldsmar
Florida,Orange County
Florida,Orange Park
Florida,Orlando
Florida,Ormond Beach
Florida,Oviedo
Florida,Palatka
Florida,Palm Beach Gardens
Florida,Palm Beach Shores
Florida,Palm Coast
Florida,Palm Springs
Florida,Panama City
Florida,Parkland
Florida,Patrick Air Force Base
Florida,Pembroke Pines
Florida,Pensacola
Florida,Pensacola Naval Air Station
Florida,Perry
Florida,Pinellas Park
Florida,Plantation
Florida,Pomona Park
Florida,Pompano Beach
Florida,Ponce Inlet
Florida,Port Orange
Florida,Port St. Lucie
Florida,Punta Gorda
Florida,Rockledge
Florida,Royal Palm Beach
Florida,Safety Harbor
Florida,St. Augustine Beach
Florida,St. Augustine
Florida,St. Pete Beach
Florida,St. Petersburg
Florida,San Antonio
Florida,Sanford
Florida,Sanibel
Florida,Sarasota County
Florida,Sarasota
Florida,Seminole
Florida,Sewall's Point
Florida,South Pasadena
Florida,Sunrise
Florida,Tallahassee
Florida,Tamarac
Florida,Tampa
Florida,Tarpon Springs
Florida,Temple Terrace
Florida,Titusville
Florida,Treasure Island
Florida,Vero Beach
Florida,Wellington
Florida,West Palm Beach
Florida,Wildwood
Florida,Windermere
Florida,Winter Haven
Florida,Winter Park
Florida,Winter Springs
Florida,Zephyrhills
Georgia,Columbus
Georgia,Duluth
Georgia,Roswell
Georgia,Savannah
Georgia,Suwanee
Hawaii,Honolulu
Idaho,Boise
Idaho,Caldwell
Idaho,Coeur D'Alene
Idaho,Pocatello
Illinois,Aurora
Illinois,Berwyn
Illinois,Brookfield
Illinois,Carbondale
Illinois,Chicago
Illinois,Elmhurst
Illinois,Evanston
Illinois,Glen Ellyn
Illinois,Glenview
Illinois,Highland
Illinois,Hinsdale
Illinois,Lake Forest
Illinois,Lombard
Illinois,Lindenhurst
Illinois,Mackinaw
Illinois,Mokena
Illinois,Morton Grove
Illinois,Mount Prospect
Illinois,Park Ridge
Illinois,Quincy
Illinois,South Elgin
Illinois,Urbana
Illinois,Wilmette
Indiana,Anderson
Indiana,Angola
Indiana,Auburn
Indiana,Bedford
Indiana,Beech Grove
Indiana,Berne
Indiana,Bloomington
Indiana,Carmel
Indiana,Chesterton
Indiana,Columbia City
Indiana,Crown Point
Indiana,Culver
Indiana,Decatur
Indiana,Delphi
Indiana,Edgewood
Indiana,Elkhart
Indiana,Evansville
Indiana,Fortville
Indiana,Fort Wayne
Indiana,Fremont
Indiana,Goshen
Indiana,Greendale
Indiana,Greenfield
Indiana,Grissom Air Reserve Base
Indiana,Huntington
Indiana,La Porte
Indiana,Lafayette
Indiana,Middlebury
Indiana,East Chicago
Indiana,Greencastle
Indiana,Indianapolis
Indiana,Madison
Indiana,Michigan City
Indiana,Mishawaka
Indiana,Mitchell
Indiana,Montpelier
Indiana,Mount Ayr
Indiana,Muncie
Indiana,Munster
Indiana,Nappanee
Indiana,Nashville
Indiana,New Harmony
Indiana,Newport
Indiana,Noblesville
Indiana,North Manchester
Indiana,Richmond
Indiana,Rochester
Indiana,Salem
Indiana,South Bend
Indiana,Syracuse
Indiana,Terre Haute
Indiana,Tipton
Indiana,Valparaiso
Indiana,West Lafayette
Indiana,Whiting
Indiana,Winamac
Indiana,Zionsville
Iowa,Ames
Iowa,Clive
Iowa,De Witt
Iowa,Greene
Iowa,Pleasant Hill
Kansas,Anthony
Kansas,Clay Center
Kansas,De Soto
Kansas,Ottawa
Kansas,Salina
Kentucky,Ashland
Kentucky,Bowling Green
Kentucky,Durham
Kentucky,Lexington
Kentucky,Russellville
Kentucky,Anchorage
Maine,Farmington
Maine,Hampden
Maine,Kennebunkport
Maine,Portland
Maine,South Portland
Maine,Westbrook
Maine,Yarmouth
Maryland,Baltimore
Maryland,Berwyn Heights
Maryland,Boonsboro
Maryland,Ellicott City
Maryland,Frederick
Maryland,Hyattsville
Maryland,Takoma Park
Maryland,University Park
Massachusetts,Acton
Massachusetts,Belmont
Massachusetts,Billerica
Massachusetts,Boston
Massachusetts,Dalton
Massachusetts,Dedham
Massachusetts,Hinsdale
Massachusetts,Lynnfield
Massachusetts,Medfield
Massachusetts,Medford
Massachusetts,Nantucket
Massachusetts,Pittsfield
Massachusetts,Saugus
Massachusetts,Woburn
Michigan,Adrian
Michigan,Albion
Michigan,Allegan
Michigan,Alma
Michigan,Alpena
Michigan,Ann Arbor
Michigan,Auburn Hills
Michigan,Battle Creek
Michigan,Bay City
Michigan,Belding
Michigan,Berkley
Michigan,Big Rapids
Michigan,Birmingham
Michigan,Boyne City
Michigan,Breckenridge
Michigan,Brighton
Michigan,Buchanan
Michigan,Cadillac
Michigan,Caledonia
Michigan,Charlevoix
Michigan,Charlotte
Michigan,Clare
Michigan,Clawson
Michigan,Clio
Michigan,Coldwater
Michigan,Davison
Michigan,Dearborn Heights
Michigan,Dearborn
Michigan,Detroit
Michigan,Dewitt
Michigan,Dowagiac
Michigan,Dundee
Michigan,East Grand Rapids
Michigan,East Lansing
Michigan,Eastpointe
Michigan,Evart
Michigan,Escanaba
Michigan,Ferndale
Michigan,Frankenmuth
Michigan,Frankfort
Michigan,Franklin
Michigan,Fraser
Michigan,Fremont
Michigan,Dexter
Michigan,Gaylord
Michigan,Gladstone
Michigan,Grand Blanc
Michigan,Grand Haven
Michigan,Grand Rapids
Michigan,Grosse Pointe Farms
Michigan,Grosse Pointe Park
Michigan,Grosse Pointe Shores
Michigan,Grosse Pointe Woods
Michigan,Grosse Pointe
Michigan,Hillsdale
Michigan,Holland
Michigan,Holly
Michigan,Howard City
Michigan,Huntington Woods
Michigan,Imlay City
Michigan,Ionia
Michigan,Jackson
Michigan,Kalamazoo
Michigan,Lake Odessa
Michigan,Lansing
Michigan,Lapeer
Michigan,Lathrup Village
Michigan,Lincoln Park
Michigan,Livonia
Michigan,Lowell
Michigan,Mackinaw City
Michigan,Manistee
Michigan,Marquette
Michigan,Marshall
Michigan,Marysville
Michigan,Mason
Michigan,Milford
Michigan,Midland
Michigan,Montague
Michigan,Morenci
Michigan,Mount Clemens
Michigan,Muskegon
Michigan,Northville
Michigan,Novi
Michigan,Oak Park
Michigan,Petersburg
Michigan,Plainwell
Michigan,Port Huron
Michigan,Portage
Michigan,Portland
Michigan,Richland
Michigan,River Rouge
Michigan,Riverview
Michigan,Rochester Hills
Michigan,Royal Oak
Michigan,Roseville
Michigan,Saginaw
Michigan,St. Clair Shores
Michigan,St. Clair
Michigan,Saline
Michigan,Howell
Michigan,Saugatuck
Michigan,Shelby Charter Township
Michigan,South Haven
Michigan,South Lyon
Michigan,Southfield
Michigan,Southgate
Michigan,Sparta
Michigan,Spring Lake
Michigan,Sterling Heights
Michigan,Sturgis
Michigan,Taylor
Michigan,Tecumseh
Michigan,Traverse City
Michigan,Trenton
Michigan,Troy
Michigan,Wayne
Michigan,Westland
Michigan,Whitehall
Michigan,Zeeland
Minnesota,Ada
Minnesota,Chanhassen
Minnesota,Eden Prairie
Minnesota,Minneapolis
Minnesota,Rice
Minnesota,Rochester
Minnesota,Savage
Missouri,Ellisville
Missouri,Mexico
Missouri,St. Louis
Missouri,University City
Montana,Billings
Montana,Bozeman
Montana,Kalispell
Montana,Whitefish
Montana,Whitehall
Nebraska,Cozad
Nebraska,Lincoln
Nebraska,Nebraska City
Nebraska,Ralston
Nebraska,Yutan
Nevada,Incline Village
Nevada,Minden
Nevada,Henderson
Nevada,Las Vegas
New Hampshire,Hanover
New Hampshire,Keene
New Hampshire,Plymouth
New Hampshire,Wolfeboro
New Jersey,East Brunswick
New Jersey,Leonia
New Jersey,Madison
New Jersey,Matawan
New Jersey,Bayonne
New Jersey,Ho-Ho-Kus
New Jersey,Kearny
New Jersey,Merchantville
New Jersey,Morris Plains
New Jersey,Nutley
New Jersey,Paramus
New Jersey,Parsippany-Troy Hills
New Jersey,Princeton
New Jersey,Riverton
New Jersey,Stafford Township
New Jersey,Secaucus
New Jersey,Swedesboro
New Jersey,Upper Saddle River
New Mexico,Santa Fe
New York,Albany
New York,Beacon
New York,Binghamton
New York,Castleton-on-Hudson
New York,Cornwall
New York,DeWitt
New York,Garden City
New York,Glens Falls
New York,Huntington
New York,Ithaca
New York,Lindenhurst
New York,New York City
New York,Norwich
New York,Oxford
New York,Rockville Centre
New York,Rye Brook
New York,Walden
New York,Watertown
New York,Wellsville
North Carolina,Asheville
North Carolina,Ayden
North Carolina,Edenton
North Carolina,Farmville
North Carolina,Jacksonville
North Carolina,Laurinburg
North Carolina,Brevard
North Carolina,Charlotte
North Carolina,Mooresville
North Carolina,Salisbury
North Carolina,Southern Pines
North Carolina,Wake Forest
North Carolina,Weaverville
North Dakota,Pekin
Ohio,Ada
Ohio,Akron
Ohio,Alliance
Ohio,Amberley
Ohio,Amsterdam
Ohio,Archbold
Ohio,Ashland
Ohio,Athens
Ohio,Attica
Ohio,Aurora
Ohio,Avon Lake
Ohio,Baltic
Ohio,Bay Village
Ohio,Beachwood
Ohio,Bedford Heights
Ohio,Bedford
Ohio,Belle Center
Ohio,Bellefontaine
Ohio,Bellevue
Ohio,Bellville
Ohio,Belpre
Ohio,Berea
Ohio,Bexley
Ohio,Bloomdale
Ohio,Bloomville
Ohio,Bluffton
Ohio,Bolivar
Ohio,Bowling Green
Ohio,Brecksville
Ohio,Brewster
Ohio,Brooklyn
Ohio,Broadview Heights
Ohio,Brunswick
Ohio,Bryan
Ohio,Burton
Ohio,Chillicothe
Ohio,Cincinnati
Ohio,Cleveland
Ohio,Cleveland Heights
Ohio,Coldwater
Ohio,Columbus
Ohio,Conneaut
Ohio,Dayton
Ohio,Delaware
Ohio,Dublin
Ohio,Fairfield
Ohio,Fairview Park
Ohio,Findlay
Ohio,Fremont
Ohio,Gambier
Ohio,Hamilton
Ohio,Hilliard
Ohio,Kent
Ohio,Kettering
Ohio,Lakewood
Ohio,Loveland
Ohio,Montpelier
Ohio,New London
Ohio,North Baltimore
Ohio,Norwalk
Ohio,Oxford
Ohio,Parma Heights
Ohio,Perry
Ohio,Rocky River
Ohio,Springfield
Ohio,Tiffin
Ohio,Toledo
Ohio,Upper Arlington
Ohio,Versailles
Ohio,Westerville
Ohio,Wooster
Ohio,Wyoming
Ohio,Youngstown
Ohio,Zanesville
Ohio,Zoar
Oklahoma,Ada
Oklahoma,Bartlesville
Oklahoma,Midwest City
Oklahoma,Norman
Oklahoma,Oklahoma City
Oregon,Albany
Oregon,Ashland
Oregon,Aumsville
Oregon,Baker City
Oregon,Bandon
Oregon,Banks
Oregon,Beaverton
Oregon,Bend
Oregon,Brownsville
Oregon,Cannon Beach
Oregon,Central Point
Oregon,Coburg
Oregon,Coos Bay
Oregon,Corvallis
Oregon,Cottage Grove
Oregon,Creswell
Oregon,Dallas
Oregon,Eagle Point
Oregon,Echo
Oregon,Eugene
Oregon,Falls City
Oregon,Forest Grove
Oregon,Gervais
Oregon,Grants Pass
Oregon,Gresham
Oregon,Happy Valley
Oregon,Hillsboro
Oregon,Hood River
Oregon,Independence
Oregon,Klamath Falls
Oregon,La Grande
Oregon,Lake Oswego
Oregon,Lebanon
Oregon,Lincoln City
Oregon,Madras
Oregon,McMinnville
Oregon,Medford
Oregon,Milwaukie
Oregon,Monmouth
Oregon,Newport
Oregon,Oregon City
Oregon,Pendleton
Oregon,Philomath
Oregon,Portland
Oregon,Redmond
Oregon,Rivergrove
Oregon,Rogue River
Oregon,Roseburg
Oregon,Salem
Oregon,Sandy
Oregon,Seaside
Oregon,Sherwood
Oregon,Sisters
Oregon,Stanfield
Oregon,Sunriver
Oregon,Sweet Home
Oregon,Talent
Oregon,Tigard
Oregon,Tillamook
Oregon,Toledo
Oregon,Troutdale
Oregon,Tualatin
Oregon,Sandy
Oregon,Umatilla
Oregon,Veneta
Oregon,West Linn
Oregon,Wilsonville
Pennsylvania,Allentown
Pennsylvania,Athens
Pennsylvania,Beaver
Pennsylvania,Bensalem
Pennsylvania,Bernville
Pennsylvania,Bethlehem
Pennsylvania,Blairsville
Pennsylvania,Bloomsburg
Pennsylvania,Boyertown
Pennsylvania,Carbondale
Pennsylvania,Carlisle
Pennsylvania,Chambersburg
Pennsylvania,Cheltenham Township
Pennsylvania,Clarks Green
Pennsylvania,Clarks Summit
Pennsylvania,Columbia
Pennsylvania,Corry
Pennsylvania,Crafton
Pennsylvania,Denver
Pennsylvania,Derry
Pennsylvania,Doylestown
Pennsylvania,Eagles Mere
Pennsylvania,East Stroudsburg
Pennsylvania,Easton
Pennsylvania,Edinboro
Pennsylvania,Emporium
Pennsylvania,Erie
Pennsylvania,Factoryville
Pennsylvania,Forest Hills
Pennsylvania,Fountain Hill
Pennsylvania,Gratz
Pennsylvania,Greensburg
Pennsylvania,Hanover
Pennsylvania,Harrisburg
Pennsylvania,Highspire
Pennsylvania,Hollidaysburg
Pennsylvania,Hummelstown
Pennsylvania,Huntingdon
Pennsylvania,Jermyn
Pennsylvania,Kingston
Pennsylvania,Lancaster
Pennsylvania,Lansdowne
Pennsylvania,Laporte
Pennsylvania,Lehighton
Pennsylvania,Lemoyne
Pennsylvania,Lewisburg
Pennsylvania,Lower Merion
Pennsylvania,Marcus Hook
Pennsylvania,Meadville
Pennsylvania,Media
Pennsylvania,Mifflinburg
Pennsylvania,Milford
Pennsylvania,Moscow
Pennsylvania,Mount Lebanon
Pennsylvania,Muncy
Pennsylvania,Nazareth
Pennsylvania,Newtown
Pennsylvania,Nicholson
Pennsylvania,Oil City
Pennsylvania,Olyphant
Pennsylvania,Paxtang
Pennsylvania,Philadelphia
Pennsylvania,Pittsburgh
Pennsylvania,Pottsville
Pennsylvania,Radnor
Pennsylvania,Reading
Pennsylvania,Ridley Park
Pennsylvania,Robesonia
Pennsylvania,St. Mary's
Pennsylvania,Sayre
Pennsylvania,Schuylkill Haven
Pennsylvania,Sheffield
Pennsylvania,Shillington
Pennsylvania,Shinglehouse
Pennsylvania,South Williamsport
Pennsylvania,Southmont
Pennsylvania,Springfield
Pennsylvania,State College
Pennsylvania,Stroudsburg
Pennsylvania,Summit Hill
Pennsylvania,Swarthmore
Pennsylvania,Titusville
Pennsylvania,Tunkhannock
Pennsylvania,Upper Darby
Pennsylvania,Upper Dublin Township
Pennsylvania,Upper Merion
Pennsylvania,Warren
Pennsylvania,Weatherly
Pennsylvania,Wellsboro
Pennsylvania,Wernersville
Pennsylvania,West Chester
Pennsylvania,West Pittston
Pennsylvania,Westmont
Pennsylvania,Whitemarsh Township
Pennsylvania,Whitpain Township
Pennsylvania,Wilkes-Barre
Pennsylvania,Williamsport
Pennsylvania,Wyalusing
Pennsylvania,Wyomissing
Pennsylvania,York
Rhode Island,Providence
South Carolina,Charleston
South Carolina,Cheraw
South Carolina,Columbia
South Carolina,Conway
South Dakota,Aberdeen
South Dakota,Brookings
South Dakota,Huron
South Dakota,Lead
South Dakota,Mitchell
South Dakota,Pierre
South Dakota,Rapid City
South Dakota,Sioux Falls
South Dakota,Yankton
Tennessee,Athens
Tennessee,Bell Buckle
Tennessee,Brentwood
Tennessee,Bristol
Tennessee,Clarksville
Tennessee,Cleveland
Tennessee,Collierville
Tennessee,Cookeville
Tennessee,Crossville
Tennessee,Franklin
Tennessee,Gatlinburg
Tennessee,Germantown
Tennessee,Harrogate
Tennessee,Jackson
Tennessee,Johnson City
Tennessee,Jonesborough
Tennessee,Kingsport
Tennessee,Knoxville
Tennessee,Lakeland
Tennessee,Livingston
Tennessee,Maryville
Tennessee,McMinnville
Tennessee,Morristown
Tennessee,Chattanooga
Tennessee,Nashville
Tennessee,Norris
Tennessee,Oak Ridge
Tennessee,Pigeon Forge
Tennessee,Pulaski
Tennessee,Rogersville
Tennessee,Sevierville
Tennessee,Sewanee
Tennessee,Sparta
Tennessee,Sweetwater
Tennessee,Tullahoma
Texas,Addison
Texas,Amarillo
Texas,Dallas
Texas,Euless
Texas,Fort Worth
Texas,Frisco
Texas,Garland
Texas,Houston
Texas,Lake Jackson
Texas,Lancaster
Texas,Lubbock
Texas,Mesquite
Texas,Pflugerville
Texas,Plano
Texas,San Antonio
Texas,Trophy Club
Texas,Tyler
Utah,Highland
Utah,Murray
Utah,Springville
Utah,Oak City
Vermont,Burlington
Virginia,Abingdon
Virginia,Falls Church
Virginia,Lynchburg
Virginia,Warrenton
Virginia,Marion
Virginia,Purcellville
Virginia,Virginia Beach
Virginia,Reston
Washington,Arlington
Washington,Cheney
Washington,Longview
Washington,Lynnwood
Washington,Olympia
Washington,Poulsbo
Washington,Snoqualmie
Washington,Spokane
D.C.,Washington
West Virginia,Bluefield
West Virginia,Berkeley Springs
West Virginia,Charles Town
West Virginia,Elkins
West Virginia,Follansbee
West Virginia,Harpers Ferry
West Virginia,Hinton
West Virginia,Lewisburg
West Virginia,Moorefield
West Virginia,Morgantown
West Virginia,Parkersburg
West Virginia,Petersburg
West Virginia,Ronceverte
West Virginia,Shepherdstown
West Virginia,Summersville
West Virginia,Williamstown
Wisconsin,Appleton
Wisconsin,Eau Claire
Wisconsin,Edgar
Wisconsin,Fitchburg
Wisconsin,Fox Point
Wisconsin,Janesville
Wisconsin,Kenosha
Wisconsin,Madison
Wisconsin,Beloit
Wisconsin,Cedarburg
Wisconsin,La Crosse
Wisconsin,Milwaukee
Wisconsin,Oconomowoc
Wisconsin,Plymouth
Wisconsin,Sturgeon Bay
Wisconsin,Two Rivers
Wisconsin,Waukesha
Wisconsin,Wauwatosa
Wisconsin,Thiensville
Wyoming,Riverton
